{
  "formatVersion": 1,
  "database": {
    "version": 1,
    "identityHash": "f12666528c8e92322140015ddf9bef9e",
    "entities": [
      {
        "tableName": "recipes",
        "createSql": "CREATE TABLE IF NOT EXISTS `${TABLE_NAME}` (`recipe_id` TEXT NOT NULL, `title` TEXT, `publisher` TEXT, `image_url` TEXT, `social_rank` TEXT, `ingredients` TEXT, `timestamp` INTEGER NOT NULL, PRIMARY KEY(`recipe_id`))",
        "fields": [
          {
            "fieldPath": "recipe_id",
            "columnName": "recipe_id",
            "affinity": "TEXT",
            "notNull": true
          },
          {
            "fieldPath": "title",
            "columnName": "title",
            "affinity": "TEXT",
            "notNull": false
          },
          {
            "fieldPath": "publisher",
            "columnName": "publisher",
            "affinity": "TEXT",
            "notNull": false
          },
          {
            "fieldPath": "image_url",
            "columnName": "image_url",
            "affinity": "TEXT",
            "notNull": false
          },
          {
            "fieldPath": "social_rank",
            "columnName": "social_rank",
            "affinity": "TEXT",
            "notNull": false
          },
          {
            "fieldPath": "ingredients",
            "columnName": "ingredients",
            "affinity": "TEXT",
            "notNull": false
          },
          {
            "fieldPath": "timestamp",
            "columnName": "timestamp",
            "affinity": "INTEGER",
            "notNull": true
          }
        ],
        "primaryKey": {
          "columnNames": [
            "recipe_id"
          ],
          "autoGenerate": false
        },
        "indices": [],
        "foreignKeys": []
      }
    ],
    "views": [],
    "setupQueries": [
      "CREATE TABLE IF NOT EXISTS room_master_table (id INTEGER PRIMARY KEY,identity_hash TEXT)",
      "INSERT OR REPLACE INTO room_master_table (id,identity_hash) VALUES(42, 'f12666528c8e92322140015ddf9bef9e')"
    ]
  }
}